{
  "name" : "MappingTask_export-1624351306503",
  "sourceOrgId" : "3jA8CiCYbSLcLclevF0TEw",
  "sourceOrgName" : "DisableWalkmecloud",
  "exportedObjects" : [ {
    "objectGuid" : "6KLIrYoviVzkmXpq4Nns0g",
    "objectName" : "Folder1",
    "objectType" : "Folder",
    "path" : "/Explore/TestTF1",
    "metadata" : {
      "modelVersion" : {
        "major" : 0,
        "minor" : 0
      },
      "repoInfo" : null,
      "objectRefs" : [ ],
      "contextAttributes" : [ ],
      "additionalInfo" : {
        "description" : "",
        "contentType" : "Binary",
        "documentState" : "COMPLETE"
      }
    }
  }, {
    "objectGuid" : "3eMvRDZ5kx6kf9zsNbFH8i",
    "objectName" : "MappingTask_export",
    "objectType" : "MTT",
    "path" : "/Explore/TestTF1/Folder1",
    "metadata" : {
      "modelVersion" : {
        "major" : 0,
        "minor" : 0
      },
      "repoInfo" : {
        "repoHandle" : "010ZI30Z0000000000QM"
      },
      "objectRefs" : [ "6gC9R3hkSFChNDklZynrwx", "9xPyTQxfDWCjXg6XGUdBYB", "g8S7LMoGxIWjWuuoeJezKD", "6lib6JZMbEBfwK6ZneLhmi" ],
      "contextAttributes" : [ {
        "name" : "id",
        "value" : "@1"
      } ],
      "additionalInfo" : {
        "description" : "",
        "contentType" : "JSON",
        "documentState" : "VALID"
      }
    }
  }, {
    "objectGuid" : "e5EB5BqPBcqcGqeqnLQUOH",
    "objectName" : "TestTF1",
    "objectType" : "Project",
    "path" : "/Explore",
    "metadata" : {
      "modelVersion" : {
        "major" : 0,
        "minor" : 0
      },
      "repoInfo" : null,
      "objectRefs" : [ ],
      "contextAttributes" : [ ],
      "additionalInfo" : {
        "description" : "",
        "contentType" : "Binary",
        "documentState" : "COMPLETE"
      }
    }
  }, {
    "objectGuid" : "6gC9R3hkSFChNDklZynrwx",
    "objectName" : "flatfileConnection_cdiAutomation",
    "objectType" : "Connection",
    "path" : "/SYS",
    "metadata" : {
      "modelVersion" : {
        "major" : 0,
        "minor" : 0
      },
      "repoInfo" : {
        "repoHandle" : "010ZI30B000000000002"
      },
      "objectRefs" : [ "6lib6JZMbEBfwK6ZneLhmi" ],
      "contextAttributes" : [ {
        "name" : "id",
        "value" : "@1"
      } ],
      "additionalInfo" : {
        "description" : "aa",
        "contentType" : "JSON",
        "documentState" : "COMPLETE"
      }
    }
  }, {
    "objectGuid" : "g8S7LMoGxIWjWuuoeJezKD",
    "objectName" : "Mapping98",
    "objectType" : "DTEMPLATE",
    "path" : "/Explore/TestTF1/Folder1",
    "metadata" : {
      "modelVersion" : {
        "major" : 0,
        "minor" : 0
      },
      "repoInfo" : {
        "repoHandle" : "010ZI3170000000000WD"
      },
      "objectRefs" : [ "6gC9R3hkSFChNDklZynrwx", "9xPyTQxfDWCjXg6XGUdBYB" ],
      "contextAttributes" : [ {
        "name" : "id",
        "value" : "@1"
      } ],
      "additionalInfo" : {
        "description" : "",
        "contentType" : "JSON",
        "documentState" : "VALID"
      }
    }
  }, {
    "objectGuid" : "9xPyTQxfDWCjXg6XGUdBYB",
    "objectName" : "Oracle Connection_R37",
    "objectType" : "Connection",
    "path" : "/SYS",
    "metadata" : {
      "modelVersion" : {
        "major" : 0,
        "minor" : 0
      },
      "repoInfo" : {
        "repoHandle" : "010ZI30B00000000003X"
      },
      "objectRefs" : [ "6lib6JZMbEBfwK6ZneLhmi" ],
      "contextAttributes" : [ {
        "name" : "id",
        "value" : "@1"
      } ],
      "additionalInfo" : {
        "description" : null,
        "contentType" : "JSON",
        "documentState" : "COMPLETE"
      }
    }
  }, {
    "objectGuid" : "6lib6JZMbEBfwK6ZneLhmi",
    "objectName" : "linuxAgent",
    "objectType" : "AgentGroup",
    "path" : "/SYS",
    "metadata" : {
      "modelVersion" : {
        "major" : 0,
        "minor" : 0
      },
      "repoInfo" : {
        "repoHandle" : "010ZI325000000000002"
      },
      "objectRefs" : [ ],
      "contextAttributes" : [ {
        "name" : "id",
        "value" : "@1"
      } ],
      "additionalInfo" : {
        "description" : null,
        "contentType" : "JSON",
        "documentState" : "VALID"
      }
    }
  } ]
}